<?xml version="1.0" encoding="UTF-8" standalone="yes"?>
<addon id="repository.WPK" name="[COLOR lime]Repositorio Wizard Princess Krypton[/COLOR] Repo" version="1.0" provider-name="Iker">
    <extension point="xbmc.addon.repository" name="Repositorio-WPK">
        <info>https://raw.githubusercontent.com/Iker-kodi/Repositorio-WPK/master/Repositorio%20WPK/addons.xml</info>
        <checksum>https://raw.githubusercontent.com/Iker-kodi/Repositorio-WPK/master/Repositorio%20WPK/addons.xml.md5</checksum>
        <datadir zip="true">https://raw.githubusercontent.com/Iker-kodi/Repositorio-WPK/master/Repositorio</datadir>
    </extension>
    <extension point="xbmc.addon.metadata">
        <summary>Repositorio Wizard Princess Krypton</summary>
        <description></description>
        <disclaimer></disclaimer>
        <platform>all</platform>
    </extension>
</addon>
